{
    "pages": [
        "arial.png"
    ],
    "chars": [
        {
            "id": 40,
            "index": 11,
            "char": "(",
            "width": 14,
            "height": 43,
            "xoffset": 1,
            "yoffset": 2,
            "xadvance": 14,
            "chnl": 15,
            "x": 0,
            "y": 0,
            "page": 0
        },
        {
            "id": 41,
            "index": 12,
            "char": ")",
            "width": 14,
            "height": 43,
            "xoffset": 1,
            "yoffset": 2,
            "xadvance": 14,
            "chnl": 15,
            "x": 15,
            "y": 0,
            "page": 0
        },
        {
            "id": 64,
            "index": 35,
            "char": "@",
            "width": 43,
            "height": 43,
            "xoffset": 0,
            "yoffset": 2,
            "xadvance": 43,
            "chnl": 15,
            "x": 30,
            "y": 0,
            "page": 0
        },
        {
            "id": 87,
            "index": 58,
            "char": "W",
            "width": 43,
            "height": 34,
            "xoffset": -1,
            "yoffset": 3,
            "xadvance": 40,
            "chnl": 15,
            "x": 0,
            "y": 44,
            "page": 0
        },
        {
            "id": 106,
            "index": 77,
            "char": "j",
            "width": 12,
            "height": 43,
            "xoffset": -4,
            "yoffset": 3,
            "xadvance": 9,
            "chnl": 15,
            "x": 74,
            "y": 0,
            "page": 0
        },
        {
            "id": 123,
            "index": 94,
            "char": "{",
            "width": 16,
            "height": 43,
            "xoffset": -1,
            "yoffset": 2,
            "xadvance": 14,
            "chnl": 15,
            "x": 0,
            "y": 79,
            "page": 0
        },
        {
            "id": 124,
            "index": 95,
            "char": "|",
            "width": 7,
            "height": 43,
            "xoffset": 2,
            "yoffset": 2,
            "xadvance": 11,
            "chnl": 15,
            "x": 17,
            "y": 79,
            "page": 0
        },
        {
            "id": 125,
            "index": 96,
            "char": "}",
            "width": 16,
            "height": 43,
            "xoffset": -1,
            "yoffset": 2,
            "xadvance": 14,
            "chnl": 15,
            "x": 25,
            "y": 79,
            "page": 0
        },
        {
            "id": 91,
            "index": 62,
            "char": "[",
            "width": 12,
            "height": 42,
            "xoffset": 1,
            "yoffset": 3,
            "xadvance": 12,
            "chnl": 15,
            "x": 42,
            "y": 79,
            "page": 0
        },
        {
            "id": 93,
            "index": 64,
            "char": "]",
            "width": 12,
            "height": 42,
            "xoffset": -1,
            "yoffset": 3,
            "xadvance": 12,
            "chnl": 15,
            "x": 55,
            "y": 44,
            "page": 0
        },
        {
            "id": 36,
            "index": 7,
            "char": "$",
            "width": 24,
            "height": 41,
            "xoffset": -1,
            "yoffset": 0,
            "xadvance": 23,
            "chnl": 15,
            "x": 87,
            "y": 0,
            "page": 0
        },
        {
            "id": 81,
            "index": 52,
            "char": "Q",
            "width": 33,
            "height": 37,
            "xoffset": 0,
            "yoffset": 2,
            "xadvance": 33,
            "chnl": 15,
            "x": 68,
            "y": 44,
            "page": 0
        },
        {
            "id": 37,
            "index": 8,
            "char": "%",
            "width": 36,
            "height": 36,
            "xoffset": 0,
            "yoffset": 2,
            "xadvance": 37,
            "chnl": 15,
            "x": 68,
            "y": 82,
            "page": 0
        },
        {
            "id": 67,
            "index": 38,
            "char": "C",
            "width": 31,
            "height": 35,
            "xoffset": 0,
            "yoffset": 2,
            "xadvance": 30,
            "chnl": 15,
            "x": 112,
            "y": 0,
            "page": 0
        },
        {
            "id": 98,
            "index": 69,
            "char": "b",
            "width": 23,
            "height": 35,
            "xoffset": 1,
            "yoffset": 3,
            "xadvance": 23,
            "chnl": 15,
            "x": 102,
            "y": 42,
            "page": 0
        },
        {
            "id": 100,
            "index": 71,
            "char": "d",
            "width": 23,
            "height": 35,
            "xoffset": -1,
            "yoffset": 3,
            "xadvance": 23,
            "chnl": 15,
            "x": 105,
            "y": 78,
            "page": 0
        },
        {
            "id": 102,
            "index": 73,
            "char": "f",
            "width": 17,
            "height": 35,
            "xoffset": -2,
            "yoffset": 2,
            "xadvance": 12,
            "chnl": 15,
            "x": 126,
            "y": 36,
            "page": 0
        },
        {
            "id": 103,
            "index": 74,
            "char": "g",
            "width": 23,
            "height": 35,
            "xoffset": -1,
            "yoffset": 11,
            "xadvance": 23,
            "chnl": 15,
            "x": 0,
            "y": 123,
            "page": 0
        },
        {
            "id": 35,
            "index": 6,
            "char": "#",
            "width": 26,
            "height": 35,
            "xoffset": -2,
            "yoffset": 2,
            "xadvance": 23,
            "chnl": 15,
            "x": 24,
            "y": 123,
            "page": 0
        },
        {
            "id": 38,
            "index": 9,
            "char": "&",
            "width": 29,
            "height": 35,
            "xoffset": 0,
            "yoffset": 2,
            "xadvance": 28,
            "chnl": 15,
            "x": 51,
            "y": 122,
            "page": 0
        },
        {
            "id": 47,
            "index": 18,
            "char": "/",
            "width": 16,
            "height": 35,
            "xoffset": -2,
            "yoffset": 2,
            "xadvance": 12,
            "chnl": 15,
            "x": 81,
            "y": 119,
            "page": 0
        },
        {
            "id": 48,
            "index": 19,
            "char": "0",
            "width": 24,
            "height": 35,
            "xoffset": 0,
            "yoffset": 3,
            "xadvance": 23,
            "chnl": 15,
            "x": 98,
            "y": 119,
            "page": 0
        },
        {
            "id": 51,
            "index": 22,
            "char": "3",
            "width": 24,
            "height": 35,
            "xoffset": 0,
            "yoffset": 3,
            "xadvance": 23,
            "chnl": 15,
            "x": 144,
            "y": 0,
            "page": 0
        },
        {
            "id": 54,
            "index": 25,
            "char": "6",
            "width": 24,
            "height": 35,
            "xoffset": 0,
            "yoffset": 3,
            "xadvance": 23,
            "chnl": 15,
            "x": 144,
            "y": 36,
            "page": 0
        },
        {
            "id": 56,
            "index": 27,
            "char": "8",
            "width": 24,
            "height": 35,
            "xoffset": 0,
            "yoffset": 3,
            "xadvance": 23,
            "chnl": 15,
            "x": 123,
            "y": 114,
            "page": 0
        },
        {
            "id": 57,
            "index": 28,
            "char": "9",
            "width": 24,
            "height": 35,
            "xoffset": 0,
            "yoffset": 3,
            "xadvance": 23,
            "chnl": 15,
            "x": 129,
            "y": 72,
            "page": 0
        },
        {
            "id": 63,
            "index": 34,
            "char": "?",
            "width": 23,
            "height": 35,
            "xoffset": 0,
            "yoffset": 2,
            "xadvance": 23,
            "chnl": 15,
            "x": 0,
            "y": 159,
            "page": 0
        },
        {
            "id": 71,
            "index": 42,
            "char": "G",
            "width": 32,
            "height": 35,
            "xoffset": 0,
            "yoffset": 2,
            "xadvance": 33,
            "chnl": 15,
            "x": 24,
            "y": 159,
            "page": 0
        },
        {
            "id": 74,
            "index": 45,
            "char": "J",
            "width": 21,
            "height": 35,
            "xoffset": -1,
            "yoffset": 3,
            "xadvance": 21,
            "chnl": 15,
            "x": 57,
            "y": 158,
            "page": 0
        },
        {
            "id": 79,
            "index": 50,
            "char": "O",
            "width": 33,
            "height": 35,
            "xoffset": 0,
            "yoffset": 2,
            "xadvance": 33,
            "chnl": 15,
            "x": 79,
            "y": 158,
            "page": 0
        },
        {
            "id": 83,
            "index": 54,
            "char": "S",
            "width": 28,
            "height": 35,
            "xoffset": 0,
            "yoffset": 2,
            "xadvance": 28,
            "chnl": 15,
            "x": 113,
            "y": 155,
            "page": 0
        },
        {
            "id": 85,
            "index": 56,
            "char": "U",
            "width": 28,
            "height": 35,
            "xoffset": 1,
            "yoffset": 3,
            "xadvance": 30,
            "chnl": 15,
            "x": 169,
            "y": 0,
            "page": 0
        },
        {
            "id": 92,
            "index": 63,
            "char": "\\",
            "width": 16,
            "height": 35,
            "xoffset": -2,
            "yoffset": 2,
            "xadvance": 12,
            "chnl": 15,
            "x": 142,
            "y": 150,
            "page": 0
        },
        {
            "id": 112,
            "index": 83,
            "char": "p",
            "width": 23,
            "height": 35,
            "xoffset": 1,
            "yoffset": 11,
            "xadvance": 23,
            "chnl": 15,
            "x": 169,
            "y": 36,
            "page": 0
        },
        {
            "id": 113,
            "index": 84,
            "char": "q",
            "width": 23,
            "height": 35,
            "xoffset": -1,
            "yoffset": 11,
            "xadvance": 23,
            "chnl": 15,
            "x": 148,
            "y": 108,
            "page": 0
        },
        {
            "id": 121,
            "index": 92,
            "char": "y",
            "width": 24,
            "height": 35,
            "xoffset": -1,
            "yoffset": 11,
            "xadvance": 21,
            "chnl": 15,
            "x": 154,
            "y": 72,
            "page": 0
        },
        {
            "id": 105,
            "index": 76,
            "char": "i",
            "width": 8,
            "height": 34,
            "xoffset": 1,
            "yoffset": 3,
            "xadvance": 9,
            "chnl": 15,
            "x": 44,
            "y": 44,
            "page": 0
        },
        {
            "id": 107,
            "index": 78,
            "char": "k",
            "width": 22,
            "height": 34,
            "xoffset": 1,
            "yoffset": 3,
            "xadvance": 21,
            "chnl": 15,
            "x": 172,
            "y": 108,
            "page": 0
        },
        {
            "id": 108,
            "index": 79,
            "char": "l",
            "width": 8,
            "height": 34,
            "xoffset": 1,
            "yoffset": 3,
            "xadvance": 9,
            "chnl": 15,
            "x": 55,
            "y": 87,
            "page": 0
        },
        {
            "id": 116,
            "index": 87,
            "char": "t",
            "width": 15,
            "height": 34,
            "xoffset": -1,
            "yoffset": 4,
            "xadvance": 12,
            "chnl": 15,
            "x": 179,
            "y": 72,
            "page": 0
        },
        {
            "id": 66,
            "index": 37,
            "char": "B",
            "width": 27,
            "height": 34,
            "xoffset": 1,
            "yoffset": 3,
            "xadvance": 28,
            "chnl": 15,
            "x": 159,
            "y": 144,
            "page": 0
        },
        {
            "id": 33,
            "index": 4,
            "char": "!",
            "width": 9,
            "height": 34,
            "xoffset": 2,
            "yoffset": 3,
            "xadvance": 12,
            "chnl": 15,
            "x": 187,
            "y": 143,
            "page": 0
        },
        {
            "id": 49,
            "index": 20,
            "char": "1",
            "width": 15,
            "height": 34,
            "xoffset": 3,
            "yoffset": 3,
            "xadvance": 23,
            "chnl": 15,
            "x": 0,
            "y": 195,
            "page": 0
        },
        {
            "id": 50,
            "index": 21,
            "char": "2",
            "width": 24,
            "height": 34,
            "xoffset": -1,
            "yoffset": 3,
            "xadvance": 23,
            "chnl": 15,
            "x": 16,
            "y": 195,
            "page": 0
        },
        {
            "id": 52,
            "index": 23,
            "char": "4",
            "width": 25,
            "height": 34,
            "xoffset": -1,
            "yoffset": 3,
            "xadvance": 23,
            "chnl": 15,
            "x": 41,
            "y": 195,
            "page": 0
        },
        {
            "id": 53,
            "index": 24,
            "char": "5",
            "width": 24,
            "height": 34,
            "xoffset": 0,
            "yoffset": 3,
            "xadvance": 23,
            "chnl": 15,
            "x": 67,
            "y": 194,
            "page": 0
        },
        {
            "id": 55,
            "index": 26,
            "char": "7",
            "width": 23,
            "height": 34,
            "xoffset": 0,
            "yoffset": 3,
            "xadvance": 23,
            "chnl": 15,
            "x": 92,
            "y": 194,
            "page": 0
        },
        {
            "id": 65,
            "index": 36,
            "char": "A",
            "width": 32,
            "height": 34,
            "xoffset": -2,
            "yoffset": 3,
            "xadvance": 28,
            "chnl": 15,
            "x": 116,
            "y": 191,
            "page": 0
        },
        {
            "id": 68,
            "index": 39,
            "char": "D",
            "width": 29,
            "height": 34,
            "xoffset": 1,
            "yoffset": 3,
            "xadvance": 30,
            "chnl": 15,
            "x": 159,
            "y": 179,
            "page": 0
        },
        {
            "id": 69,
            "index": 40,
            "char": "E",
            "width": 26,
            "height": 34,
            "xoffset": 1,
            "yoffset": 3,
            "xadvance": 28,
            "chnl": 15,
            "x": 198,
            "y": 0,
            "page": 0
        },
        {
            "id": 70,
            "index": 41,
            "char": "F",
            "width": 24,
            "height": 34,
            "xoffset": 1,
            "yoffset": 3,
            "xadvance": 26,
            "chnl": 15,
            "x": 193,
            "y": 36,
            "page": 0
        },
        {
            "id": 72,
            "index": 43,
            "char": "H",
            "width": 28,
            "height": 34,
            "xoffset": 1,
            "yoffset": 3,
            "xadvance": 30,
            "chnl": 15,
            "x": 195,
            "y": 71,
            "page": 0
        },
        {
            "id": 73,
            "index": 44,
            "char": "I",
            "width": 8,
            "height": 34,
            "xoffset": 2,
            "yoffset": 3,
            "xadvance": 12,
            "chnl": 15,
            "x": 149,
            "y": 186,
            "page": 0
        },
        {
            "id": 75,
            "index": 46,
            "char": "K",
            "width": 29,
            "height": 34,
            "xoffset": 1,
            "yoffset": 3,
            "xadvance": 28,
            "chnl": 15,
            "x": 195,
            "y": 106,
            "page": 0
        },
        {
            "id": 76,
            "index": 47,
            "char": "L",
            "width": 23,
            "height": 34,
            "xoffset": 1,
            "yoffset": 3,
            "xadvance": 23,
            "chnl": 15,
            "x": 197,
            "y": 141,
            "page": 0
        },
        {
            "id": 77,
            "index": 48,
            "char": "M",
            "width": 33,
            "height": 34,
            "xoffset": 1,
            "yoffset": 3,
            "xadvance": 35,
            "chnl": 15,
            "x": 189,
            "y": 178,
            "page": 0
        },
        {
            "id": 78,
            "index": 49,
            "char": "N",
            "width": 28,
            "height": 34,
            "xoffset": 1,
            "yoffset": 3,
            "xadvance": 30,
            "chnl": 15,
            "x": 225,
            "y": 0,
            "page": 0
        },
        {
            "id": 80,
            "index": 51,
            "char": "P",
            "width": 27,
            "height": 34,
            "xoffset": 1,
            "yoffset": 3,
            "xadvance": 28,
            "chnl": 15,
            "x": 218,
            "y": 35,
            "page": 0
        },
        {
            "id": 82,
            "index": 53,
            "char": "R",
            "width": 30,
            "height": 34,
            "xoffset": 1,
            "yoffset": 3,
            "xadvance": 30,
            "chnl": 15,
            "x": 223,
            "y": 141,
            "page": 0
        },
        {
            "id": 84,
            "index": 55,
            "char": "T",
            "width": 28,
            "height": 34,
            "xoffset": -1,
            "yoffset": 3,
            "xadvance": 26,
            "chnl": 15,
            "x": 225,
            "y": 70,
            "page": 0
        },
        {
            "id": 86,
            "index": 57,
            "char": "V",
            "width": 32,
            "height": 34,
            "xoffset": -2,
            "yoffset": 3,
            "xadvance": 28,
            "chnl": 15,
            "x": 0,
            "y": 230,
            "page": 0
        },
        {
            "id": 88,
            "index": 59,
            "char": "X",
            "width": 32,
            "height": 34,
            "xoffset": -2,
            "yoffset": 3,
            "xadvance": 28,
            "chnl": 15,
            "x": 33,
            "y": 230,
            "page": 0
        },
        {
            "id": 89,
            "index": 60,
            "char": "Y",
            "width": 32,
            "height": 34,
            "xoffset": -2,
            "yoffset": 3,
            "xadvance": 28,
            "chnl": 15,
            "x": 66,
            "y": 230,
            "page": 0
        },
        {
            "id": 90,
            "index": 61,
            "char": "Z",
            "width": 28,
            "height": 34,
            "xoffset": -1,
            "yoffset": 3,
            "xadvance": 26,
            "chnl": 15,
            "x": 225,
            "y": 105,
            "page": 0
        },
        {
            "id": 104,
            "index": 75,
            "char": "h",
            "width": 22,
            "height": 34,
            "xoffset": 1,
            "yoffset": 3,
            "xadvance": 23,
            "chnl": 15,
            "x": 99,
            "y": 229,
            "page": 0
        },
        {
            "id": 109,
            "index": 80,
            "char": "m",
            "width": 34,
            "height": 26,
            "xoffset": 1,
            "yoffset": 11,
            "xadvance": 35,
            "chnl": 15,
            "x": 122,
            "y": 226,
            "page": 0
        },
        {
            "id": 119,
            "index": 90,
            "char": "w",
            "width": 34,
            "height": 26,
            "xoffset": -2,
            "yoffset": 11,
            "xadvance": 30,
            "chnl": 15,
            "x": 157,
            "y": 221,
            "page": 0
        },
        {
            "id": 59,
            "index": 30,
            "char": ";",
            "width": 8,
            "height": 32,
            "xoffset": 1,
            "yoffset": 11,
            "xadvance": 12,
            "chnl": 15,
            "x": 192,
            "y": 213,
            "page": 0
        },
        {
            "id": 95,
            "index": 66,
            "char": "_",
            "width": 28,
            "height": 7,
            "xoffset": -3,
            "yoffset": 39,
            "xadvance": 23,
            "chnl": 15,
            "x": 223,
            "y": 176,
            "page": 0
        },
        {
            "id": 97,
            "index": 68,
            "char": "a",
            "width": 24,
            "height": 27,
            "xoffset": 0,
            "yoffset": 11,
            "xadvance": 23,
            "chnl": 15,
            "x": 223,
            "y": 184,
            "page": 0
        },
        {
            "id": 99,
            "index": 70,
            "char": "c",
            "width": 23,
            "height": 27,
            "xoffset": 0,
            "yoffset": 11,
            "xadvance": 21,
            "chnl": 15,
            "x": 223,
            "y": 212,
            "page": 0
        },
        {
            "id": 101,
            "index": 72,
            "char": "e",
            "width": 24,
            "height": 27,
            "xoffset": 0,
            "yoffset": 11,
            "xadvance": 23,
            "chnl": 15,
            "x": 254,
            "y": 0,
            "page": 0
        },
        {
            "id": 111,
            "index": 82,
            "char": "o",
            "width": 24,
            "height": 27,
            "xoffset": -1,
            "yoffset": 11,
            "xadvance": 23,
            "chnl": 15,
            "x": 254,
            "y": 28,
            "page": 0
        },
        {
            "id": 115,
            "index": 86,
            "char": "s",
            "width": 22,
            "height": 27,
            "xoffset": -1,
            "yoffset": 11,
            "xadvance": 21,
            "chnl": 15,
            "x": 254,
            "y": 56,
            "page": 0
        },
        {
            "id": 110,
            "index": 81,
            "char": "n",
            "width": 22,
            "height": 26,
            "xoffset": 1,
            "yoffset": 11,
            "xadvance": 23,
            "chnl": 15,
            "x": 254,
            "y": 84,
            "page": 0
        },
        {
            "id": 114,
            "index": 85,
            "char": "r",
            "width": 16,
            "height": 26,
            "xoffset": 1,
            "yoffset": 11,
            "xadvance": 14,
            "chnl": 15,
            "x": 201,
            "y": 213,
            "page": 0
        },
        {
            "id": 117,
            "index": 88,
            "char": "u",
            "width": 22,
            "height": 26,
            "xoffset": 1,
            "yoffset": 11,
            "xadvance": 23,
            "chnl": 15,
            "x": 254,
            "y": 111,
            "page": 0
        },
        {
            "id": 58,
            "index": 29,
            "char": ":",
            "width": 8,
            "height": 26,
            "xoffset": 2,
            "yoffset": 11,
            "xadvance": 12,
            "chnl": 15,
            "x": 254,
            "y": 138,
            "page": 0
        },
        {
            "id": 118,
            "index": 89,
            "char": "v",
            "width": 24,
            "height": 26,
            "xoffset": -1,
            "yoffset": 11,
            "xadvance": 21,
            "chnl": 15,
            "x": 254,
            "y": 165,
            "page": 0
        },
        {
            "id": 120,
            "index": 91,
            "char": "x",
            "width": 24,
            "height": 26,
            "xoffset": -2,
            "yoffset": 11,
            "xadvance": 21,
            "chnl": 15,
            "x": 248,
            "y": 192,
            "page": 0
        },
        {
            "id": 122,
            "index": 93,
            "char": "z",
            "width": 23,
            "height": 26,
            "xoffset": -1,
            "yoffset": 11,
            "xadvance": 21,
            "chnl": 15,
            "x": 247,
            "y": 219,
            "page": 0
        },
        {
            "id": 126,
            "index": 97,
            "char": "~",
            "width": 25,
            "height": 11,
            "xoffset": 0,
            "yoffset": 15,
            "xadvance": 25,
            "chnl": 15,
            "x": 122,
            "y": 253,
            "page": 0
        },
        {
            "id": 43,
            "index": 14,
            "char": "+",
            "width": 24,
            "height": 24,
            "xoffset": 0,
            "yoffset": 8,
            "xadvance": 25,
            "chnl": 15,
            "x": 201,
            "y": 240,
            "page": 0
        },
        {
            "id": 60,
            "index": 31,
            "char": "<",
            "width": 24,
            "height": 24,
            "xoffset": 0,
            "yoffset": 8,
            "xadvance": 25,
            "chnl": 15,
            "x": 0,
            "y": 265,
            "page": 0
        },
        {
            "id": 61,
            "index": 32,
            "char": "=",
            "width": 24,
            "height": 17,
            "xoffset": 0,
            "yoffset": 12,
            "xadvance": 25,
            "chnl": 15,
            "x": 25,
            "y": 265,
            "page": 0
        },
        {
            "id": 62,
            "index": 33,
            "char": ">",
            "width": 24,
            "height": 24,
            "xoffset": 0,
            "yoffset": 8,
            "xadvance": 25,
            "chnl": 15,
            "x": 50,
            "y": 265,
            "page": 0
        },
        {
            "id": 94,
            "index": 65,
            "char": "^",
            "width": 21,
            "height": 20,
            "xoffset": -1,
            "yoffset": 2,
            "xadvance": 20,
            "chnl": 15,
            "x": 99,
            "y": 264,
            "page": 0
        },
        {
            "id": 42,
            "index": 13,
            "char": "*",
            "width": 18,
            "height": 17,
            "xoffset": -1,
            "yoffset": 2,
            "xadvance": 16,
            "chnl": 15,
            "x": 226,
            "y": 240,
            "page": 0
        },
        {
            "id": 34,
            "index": 5,
            "char": "\"",
            "width": 15,
            "height": 15,
            "xoffset": 0,
            "yoffset": 3,
            "xadvance": 15,
            "chnl": 15,
            "x": 263,
            "y": 138,
            "page": 0
        },
        {
            "id": 39,
            "index": 10,
            "char": "'",
            "width": 8,
            "height": 15,
            "xoffset": 0,
            "yoffset": 3,
            "xadvance": 8,
            "chnl": 15,
            "x": 192,
            "y": 246,
            "page": 0
        },
        {
            "id": 45,
            "index": 16,
            "char": "-",
            "width": 15,
            "height": 8,
            "xoffset": -1,
            "yoffset": 20,
            "xadvance": 14,
            "chnl": 15,
            "x": 263,
            "y": 154,
            "page": 0
        },
        {
            "id": 44,
            "index": 15,
            "char": ",",
            "width": 8,
            "height": 14,
            "xoffset": 1,
            "yoffset": 29,
            "xadvance": 12,
            "chnl": 15,
            "x": 75,
            "y": 265,
            "page": 0
        },
        {
            "id": 96,
            "index": 67,
            "char": "`",
            "width": 12,
            "height": 10,
            "xoffset": 0,
            "yoffset": 3,
            "xadvance": 14,
            "chnl": 15,
            "x": 84,
            "y": 265,
            "page": 0
        },
        {
            "id": 46,
            "index": 17,
            "char": ".",
            "width": 8,
            "height": 8,
            "xoffset": 2,
            "yoffset": 29,
            "xadvance": 12,
            "chnl": 15,
            "x": 75,
            "y": 280,
            "page": 0
        },
        {
            "id": 32,
            "index": 3,
            "char": " ",
            "width": 0,
            "height": 0,
            "xoffset": -2,
            "yoffset": 33,
            "xadvance": 12,
            "chnl": 15,
            "x": 42,
            "y": 122,
            "page": 0
        }
    ],
    "info": {
        "face": "arial",
        "size": 42,
        "bold": 0,
        "italic": 0,
        "charset": [
            " ",
            "C",
            "a",
            "b",
            "c",
            "d",
            "e",
            "f",
            "g",
            "i",
            "k",
            "l",
            "n",
            "o",
            "r",
            "s",
            "t",
            "u",
            "B",
            "!",
            "\"",
            "#",
            "$",
            "%",
            "&",
            "'",
            "(",
            ")",
            "*",
            "+",
            ",",
            "-",
            ".",
            "/",
            "0",
            "1",
            "2",
            "3",
            "4",
            "5",
            "6",
            "7",
            "8",
            "9",
            ":",
            ";",
            "<",
            "=",
            ">",
            "?",
            "@",
            "A",
            "D",
            "E",
            "F",
            "G",
            "H",
            "I",
            "J",
            "K",
            "L",
            "M",
            "N",
            "O",
            "P",
            "Q",
            "R",
            "S",
            "T",
            "U",
            "V",
            "W",
            "X",
            "Y",
            "Z",
            "[",
            "\\",
            "]",
            "^",
            "_",
            "`",
            "h",
            "j",
            "m",
            "p",
            "q",
            "v",
            "w",
            "x",
            "y",
            "z",
            "{",
            "|",
            "}",
            "~"
        ],
        "unicode": 1,
        "stretchH": 100,
        "smooth": 1,
        "aa": 1,
        "padding": [
            2,
            2,
            2,
            2
        ],
        "spacing": [
            0,
            0
        ],
        "outline": 0
    },
    "common": {
        "lineHeight": 46,
        "base": 33,
        "scaleW": 278,
        "scaleH": 289,
        "pages": 1,
        "packed": 0,
        "alphaChnl": 0,
        "redChnl": 0,
        "greenChnl": 0,
        "blueChnl": 0
    },
    "distanceField": {
        "fieldType": "msdf",
        "distanceRange": 4
    },
    "kernings": []
}